Date,Year,Month,DayOfWeek,SleepScore,TotalSleep_Hours,REMSleep_Hours,DeepSleep_Hours,LightSleep_Hours,Efficiency_Percent,Latency_Minutes,WakeEvents,RestingHeartRate,HRV
15/09/2025,2025,9,Monday,85,7.97,0.00,0.00,0.00,94.037315,0,0,18.984375,0
15/09/2025,2025,9,Monday,90,8.62,0.00,0.00,0.00,94.292595,0,0,18.925781,0
13/09/2025,2025,9,Saturday,90,10.86,0.00,0.00,0.00,93.7011,0,0,18.925781,0
12/09/2025,2025,9,Friday,88,10.01,0.00,0.00,0.00,92.32896,0,0,18.984375,0
12/09/2025,2025,9,Friday,91,7.95,0.00,0.00,0.00,96.01549,0,0,19.21875,0
11/09/2025,2025,9,Thursday,89,7.72,0.00,0.00,0.00,93.26349,0,0,19.042969,0
09/09/2025,2025,9,Tuesday,97,8.44,0.00,0.00,0.00,96.44581,0,0,18.955078,0
07/09/2025,2025,9,Sunday,93,8.95,0.00,0.00,0.00,96.36913,0,0,18.857422,0
06/09/2025,2025,9,Saturday,88,10.57,0.00,0.00,0.00,91.87235,0,0,19.042969,0
06/09/2025,2025,9,Saturday,94,7.96,0.00,0.00,0.00,94.76334,0,0,18.515625,0
05/09/2025,2025,9,Friday,94,8.60,0.00,0.00,0.00,98.05831,0,0,19.101562,0
04/09/2025,2025,9,Thursday,90,8.44,0.00,0.00,0.00,94.36898,0,0,18.867188,0
03/09/2025,2025,9,Wednesday,91,8.46,0.00,0.00,0.00,97.24004,0,0,18.867188,0
01/09/2025,2025,9,Monday,94,8.20,0.00,0.00,0.00,94.70249,0,0,19.21875,0
31/08/2025,2025,8,Sunday,98,8.72,0.00,0.00,0.00,93.20432,0,0,19.003906,0
30/08/2025,2025,8,Saturday,90,9.64,0.00,0.00,0.00,94.37183,0,0,18.808594,0
30/08/2025,2025,8,Saturday,97,9.05,0.00,0.00,0.00,91.33943,0,0,18.984375,0
29/08/2025,2025,8,Friday,90,8.51,0.00,0.00,0.00,94.00649,0,0,18.486328,0
28/08/2025,2025,8,Thursday,87,7.64,0.00,0.00,0.00,91.69428,0,0,18.808594,0
27/08/2025,2025,8,Wednesday,88,8.58,0.00,0.00,0.00,93.10365,0,0,18.984375,0
26/08/2025,2025,8,Tuesday,83,7.15,0.00,0.00,0.00,96.94236,0,0,18.691406,0
24/08/2025,2025,8,Sunday,85,9.24,0.00,0.00,0.00,95.93833,0,0,19.204102,0
24/08/2025,2025,8,Sunday,88,8.94,0.00,0.00,0.00,94.40216,0,0,19.501953,0
23/08/2025,2025,8,Saturday,82,8.26,0.00,0.00,0.00,94.44993,0,0,19.21875,0
22/08/2025,2025,8,Friday,82,7.96,0.00,0.00,0.00,95.28646,0,0,18.83789,0
21/08/2025,2025,8,Thursday,85,8.27,0.00,0.00,0.00,97.07924,0,0,19.013672,0
20/08/2025,2025,8,Wednesday,83,8.64,0.00,0.00,0.00,93.635315,0,0,18.808594,0
18/08/2025,2025,8,Monday,80,10.39,0.00,0.00,0.00,95.257614,0,0,18.618164,0
17/08/2025,2025,8,Sunday,78,9.36,0.00,0.00,0.00,96.79542,0,0,18.75,0
17/08/2025,2025,8,Sunday,36,7.88,0.00,0.00,0.00,77.6792,0,0,19.658203,0
16/08/2025,2025,8,Saturday,85,9.96,0.00,0.00,0.00,90.52335,0,0,18.75,0
14/08/2025,2025,8,Thursday,99,8.46,0.00,0.00,0.00,97.832344,0,0,18.222656,0
13/08/2025,2025,8,Wednesday,97,8.77,0.00,0.00,0.00,93.15942,0,0,18.603516,0
12/08/2025,2025,8,Tuesday,89,9.22,0.00,0.00,0.00,94.75336,0,0,18.720703,0
11/08/2025,2025,8,Monday,84,8.81,0.00,0.00,0.00,91.08196,0,0,18.867188,0
11/08/2025,2025,8,Monday,82,8.21,0.00,0.00,0.00,97.148285,0,0,18.632812,0
10/08/2025,2025,8,Sunday,77,9.30,0.00,0.00,0.00,88.07044,0,0,19.414062,0
09/08/2025,2025,8,Saturday,82,7.82,0.00,0.00,0.00,97.96839,0,0,18.381348,0
07/08/2025,2025,8,Thursday,98,9.08,0.00,0.00,0.00,95.406166,0,0,18.632812,0
06/08/2025,2025,8,Wednesday,91,8.68,0.00,0.00,0.00,96.33246,0,0,18.867188,0
05/08/2025,2025,8,Tuesday,94,8.89,0.00,0.00,0.00,96.14704,0,0,18.691406,0
04/08/2025,2025,8,Monday,88,9.24,0.00,0.00,0.00,95.328896,0,0,18.808594,0
04/08/2025,2025,8,Monday,76,6.59,0.00,0.00,0.00,96.32292,0,0,19.335938,0
02/08/2025,2025,8,Saturday,93,8.39,0.00,0.00,0.00,97.416374,0,0,18.925781,0
01/08/2025,2025,8,Friday,87,8.28,0.00,0.00,0.00,92.648544,0,0,18.925781,0
31/07/2025,2025,7,Thursday,84,8.27,0.00,0.00,0.00,94.96269,0,0,19.003906,0
30/07/2025,2025,7,Wednesday,79,8.33,0.00,0.00,0.00,95.49349,0,0,18.984375,0
29/07/2025,2025,7,Tuesday,71,6.04,0.00,0.00,0.00,96.12101,0,0,18.515625,0
29/07/2025,2025,7,Tuesday,82,6.82,0.00,0.00,0.00,97.061165,0,0,19.277344,0
28/07/2025,2025,7,Monday,89,8.92,0.00,0.00,0.00,97.10212,0,0,19.042969,0
27/07/2025,2025,7,Sunday,84,7.87,0.00,0.00,0.00,96.07353,0,0,18.925781,0
26/07/2025,2025,7,Saturday,88,9.59,0.00,0.00,0.00,92.85743,0,0,18.984375,0
25/07/2025,2025,7,Friday,91,7.51,0.00,0.00,0.00,98.33247,0,0,19.238281,0
24/07/2025,2025,7,Thursday,91,8.26,0.00,0.00,0.00,92.930565,0,0,18.632812,0
22/07/2025,2025,7,Tuesday,93,8.60,0.00,0.00,0.00,96.31137,0,0,18.603516,0
22/07/2025,2025,7,Tuesday,86,8.12,0.00,0.00,0.00,93.32383,0,0,18.867188,0
20/07/2025,2025,7,Sunday,91,8.97,0.00,0.00,0.00,92.010155,0,0,18.925781,0
19/07/2025,2025,7,Saturday,85,11.05,0.00,0.00,0.00,90.781006,0,0,18.339844,0
18/07/2025,2025,7,Friday,86,10.09,0.00,0.00,0.00,94.79656,0,0,19.335938,0
18/07/2025,2025,7,Friday,85,8.17,0.00,0.00,0.00,91.017166,0,0,18.808594,0
17/07/2025,2025,7,Thursday,80,7.29,0.00,0.00,0.00,93.59066,0,0,19.101562,0
16/07/2025,2025,7,Wednesday,87,8.10,0.00,0.00,0.00,95.87565,0,0,18.815918,0
14/07/2025,2025,7,Monday,90,8.89,0.00,0.00,0.00,92.40593,0,0,19.101562,0
14/07/2025,2025,7,Monday,86,7.94,0.00,0.00,0.00,98.84571,0,0,19.042969,0
13/07/2025,2025,7,Sunday,89,9.12,0.00,0.00,0.00,94.51251,0,0,18.691406,0
11/07/2025,2025,7,Friday,82,12.24,0.00,0.00,0.00,95.8456,0,0,18.867188,0
10/07/2025,2025,7,Thursday,88,8.54,0.00,0.00,0.00,95.111725,0,0,18.97461,0
10/07/2025,2025,7,Thursday,87,8.07,0.00,0.00,0.00,95.95721,0,0,18.867188,0
09/07/2025,2025,7,Wednesday,78,6.86,0.00,0.00,0.00,91.37719,0,0,19.248047,0
08/07/2025,2025,7,Tuesday,84,7.82,0.00,0.00,0.00,95.62245,0,0,19.033203,0
07/07/2025,2025,7,Monday,82,7.28,0.00,0.00,0.00,96.666176,0,0,19.042969,0
06/07/2025,2025,7,Sunday,83,9.35,0.00,0.00,0.00,87.68505,0,0,19.11621,0
05/07/2025,2025,7,Saturday,80,9.65,0.00,0.00,0.00,88.92952,0,0,18.984375,0
03/07/2025,2025,7,Thursday,85,8.70,0.00,0.00,0.00,93.77077,0,0,19.67041,0
02/07/2025,2025,7,Wednesday,77,11.38,0.00,0.00,0.00,86.59786,0,0,18.867188,0
02/07/2025,2025,7,Wednesday,83,7.91,0.00,0.00,0.00,88.60639,0,0,17.636719,0
01/07/2025,2025,7,Tuesday,83,8.32,0.00,0.00,0.00,89.074104,0,0,18.354492,0
29/06/2025,2025,6,Sunday,0,0.00,0.00,0.00,0.00,0,0,0,0,0
28/06/2025,2025,6,Saturday,83,11.14,0.00,0.00,0.00,88.24372,0,0,19.238281,0
28/06/2025,2025,6,Saturday,76,7.78,0.00,0.00,0.00,85.208755,0,0,19.570312,0
26/06/2025,2025,6,Thursday,96,9.22,0.00,0.00,0.00,91.948395,0,0,18.66211,0
26/06/2025,2025,6,Thursday,92,8.60,0.00,0.00,0.00,95.230385,0,0,19.453125,0
25/06/2025,2025,6,Wednesday,91,8.69,0.00,0.00,0.00,98.458534,0,0,18.222656,0
24/06/2025,2025,6,Tuesday,86,8.19,0.00,0.00,0.00,94.80069,0,0,18.66211,0
22/06/2025,2025,6,Sunday,86,8.94,0.00,0.00,0.00,94.21928,0,0,19.160156,0
21/06/2025,2025,6,Saturday,85,10.54,0.00,0.00,0.00,89.38892,0,0,18.691406,0
21/06/2025,2025,6,Saturday,81,7.94,0.00,0.00,0.00,94.12076,0,0,19.394531,0
20/06/2025,2025,6,Friday,85,8.20,0.00,0.00,0.00,93.5642,0,0,19.492188,0
19/06/2025,2025,6,Thursday,81,8.32,0.00,0.00,0.00,94.68897,0,0,19.25293,0
17/06/2025,2025,6,Tuesday,91,9.15,0.00,0.00,0.00,92.070595,0,0,18.955078,0
17/06/2025,2025,6,Tuesday,87,7.97,0.00,0.00,0.00,94.76971,0,0,18.691406,0
15/06/2025,2025,6,Sunday,89,9.50,0.00,0.00,0.00,94.819016,0,0,18.769531,0
15/06/2025,2025,6,Sunday,90,9.20,0.00,0.00,0.00,93.11027,0,0,19.21875,0
13/06/2025,2025,6,Friday,83,11.48,0.00,0.00,0.00,93.305435,0,0,19.11377,0
13/06/2025,2025,6,Friday,88,7.57,0.00,0.00,0.00,93.82129,0,0,19.179688,0
12/06/2025,2025,6,Thursday,93,7.91,0.00,0.00,0.00,98.7325,0,0,18.28125,0
11/06/2025,2025,6,Wednesday,84,8.28,0.00,0.00,0.00,96.35944,0,0,19.394531,0
09/06/2025,2025,6,Monday,84,8.95,0.00,0.00,0.00,94.398796,0,0,19.16748,0
09/06/2025,2025,6,Monday,82,8.43,0.00,0.00,0.00,98.31957,0,0,19.21875,0
08/06/2025,2025,6,Sunday,75,8.88,0.00,0.00,0.00,87.1846,0,0,19.335938,0
07/06/2025,2025,6,Saturday,20,2.83,0.00,0.00,0.00,95.8744,0,0,19.958496,0
07/06/2025,2025,6,Saturday,54,5.76,0.00,0.00,0.00,95.79851,0,0,19.980469,0
05/06/2025,2025,6,Thursday,100,8.99,0.00,0.00,0.00,92.11445,0,0,18.691406,0
04/06/2025,2025,6,Wednesday,95,8.52,0.00,0.00,0.00,96.67333,0,0,18.925781,0
04/06/2025,2025,6,Wednesday,97,8.68,0.00,0.00,0.00,92.01837,0,0,18.955078,0
03/06/2025,2025,6,Tuesday,94,8.57,0.00,0.00,0.00,96.87932,0,0,18.955078,0
02/06/2025,2025,6,Monday,92,8.66,0.00,0.00,0.00,92.36015,0,0,19.160156,0
01/06/2025,2025,6,Sunday,86,9.77,0.00,0.00,0.00,85.91027,0,0,19.277344,0
31/05/2025,2025,5,Saturday,83,9.47,0.00,0.00,0.00,89.30684,0,0,18.925781,0
29/05/2025,2025,5,Thursday,84,8.66,0.00,0.00,0.00,92.39333,0,0,18.925781,0
29/05/2025,2025,5,Thursday,89,8.95,0.00,0.00,0.00,95.05005,0,0,19.277344,0
28/05/2025,2025,5,Wednesday,88,8.14,0.00,0.00,0.00,94.166336,0,0,19.199219,0
27/05/2025,2025,5,Tuesday,86,8.29,0.00,0.00,0.00,97.284546,0,0,19.101562,0
25/05/2025,2025,5,Sunday,84,8.24,0.00,0.00,0.00,95.64852,0,0,18.632812,0
25/05/2025,2025,5,Sunday,93,9.57,0.00,0.00,0.00,94.15998,0,0,18.691406,0
24/05/2025,2025,5,Saturday,85,9.19,0.00,0.00,0.00,93.92726,0,0,18.867188,0
23/05/2025,2025,5,Friday,88,8.20,0.00,0.00,0.00,94.104195,0,0,18.457031,0
21/05/2025,2025,5,Wednesday,88,8.91,0.00,0.00,0.00,96.440735,0,0,18.632812,0
20/05/2025,2025,5,Tuesday,82,8.35,0.00,0.00,0.00,95.30693,0,0,18.867188,0
19/05/2025,2025,5,Monday,81,8.83,0.00,0.00,0.00,98.20288,0,0,18.808594,0
19/05/2025,2025,5,Monday,79,8.38,0.00,0.00,0.00,96.71612,0,0,18.720703,0
18/05/2025,2025,5,Sunday,71,6.16,0.00,0.00,0.00,97.0178,0,0,18.984375,0
17/05/2025,2025,5,Saturday,17,1.65,0.00,0.00,0.00,88.83145,0,0,20.683594,0
17/05/2025,2025,5,Saturday,40,5.46,0.00,0.00,0.00,94.649925,0,0,20.039062,0
16/05/2025,2025,5,Friday,88,8.69,0.00,0.00,0.00,96.15708,0,0,18.632812,0
14/05/2025,2025,5,Wednesday,82,8.90,0.00,0.00,0.00,96.43469,0,0,18.808594,0
14/05/2025,2025,5,Wednesday,77,8.67,0.00,0.00,0.00,95.956,0,0,18.339844,0
12/05/2025,2025,5,Monday,70,6.61,0.00,0.00,0.00,96.714714,0,0,18.413086,0
11/05/2025,2025,5,Sunday,38,6.86,0.00,0.00,0.00,91.842636,0,0,20.273438,0
09/05/2025,2025,5,Friday,82,10.23,0.00,0.00,0.00,87.687675,0,0,18.75,0
08/05/2025,2025,5,Thursday,82,7.10,0.00,0.00,0.00,94.83139,0,0,18.955078,0
07/05/2025,2025,5,Wednesday,83,10.75,0.00,0.00,0.00,98.751335,0,0,18.828125,0
07/05/2025,2025,5,Wednesday,66,7.08,0.00,0.00,0.00,82.58037,0,0,18.457031,0
06/05/2025,2025,5,Tuesday,82,8.66,0.00,0.00,0.00,92.587395,0,0,18.515625,0
05/05/2025,2025,5,Monday,62,6.33,0.00,0.00,0.00,96.18142,0,0,18.613281,0
04/05/2025,2025,5,Sunday,68,6.40,0.00,0.00,0.00,91.01001,0,0,19.628906,0
03/05/2025,2025,5,Saturday,92,8.58,0.00,0.00,0.00,93.97543,0,0,19.233398,0
01/05/2025,2025,5,Thursday,92,8.99,0.00,0.00,0.00,92.8567,0,0,18.901367,0
01/05/2025,2025,5,Thursday,90,9.98,0.00,0.00,0.00,92.47059,0,0,19.365234,0
29/04/2025,2025,4,Tuesday,72,7.90,0.00,0.00,0.00,98.312096,0,0,19.58496,0
28/04/2025,2025,4,Monday,45,4.26,0.00,0.00,0.00,90.80699,0,0,18.75,0
27/04/2025,2025,4,Sunday,100,9.67,0.00,0.00,0.00,96.118835,0,0,19.277344,0
26/04/2025,2025,4,Saturday,94,8.72,0.00,0.00,0.00,94.15767,0,0,19.355469,0
25/04/2025,2025,4,Friday,86,7.44,0.00,0.00,0.00,96.86426,0,0,19.44336,0
25/04/2025,2025,4,Friday,0,0.00,0.00,0.00,0.00,0,0,0,0,0
23/04/2025,2025,4,Wednesday,94,9.05,0.00,0.00,0.00,94.74222,0,0,19.335938,0
23/04/2025,2025,4,Wednesday,86,8.28,0.00,0.00,0.00,91.64438,0,0,19.101562,0
22/04/2025,2025,4,Tuesday,92,8.26,0.00,0.00,0.00,98.08344,0,0,19.453125,0
21/04/2025,2025,4,Monday,88,8.85,0.00,0.00,0.00,96.60454,0,0,18.984375,0
20/04/2025,2025,4,Sunday,83,8.64,0.00,0.00,0.00,95.46224,0,0,18.847656,0
19/04/2025,2025,4,Saturday,80,7.95,0.00,0.00,0.00,96.64533,0,0,19.0625,0
18/04/2025,2025,4,Friday,86,8.97,0.00,0.00,0.00,93.75731,0,0,18.75,0
16/04/2025,2025,4,Wednesday,79,7.20,0.00,0.00,0.00,94.55682,0,0,18.481445,0
15/04/2025,2025,4,Tuesday,95,8.33,0.00,0.00,0.00,92.18368,0,0,18.47168,0
14/04/2025,2025,4,Monday,100,9.17,0.00,0.00,0.00,94.250465,0,0,18.222656,0
14/04/2025,2025,4,Monday,100,8.65,0.00,0.00,0.00,95.37337,0,0,18.398438,0
13/04/2025,2025,4,Sunday,100,9.79,0.00,0.00,0.00,91.13508,0,0,19.140625,0
12/04/2025,2025,4,Saturday,100,10.36,0.00,0.00,0.00,90.74226,0,0,19.001465,0
11/04/2025,2025,4,Friday,99,8.52,0.00,0.00,0.00,94.31916,0,0,19.013672,0
10/04/2025,2025,4,Thursday,100,8.88,0.00,0.00,0.00,93.50897,0,0,18.75,0
09/04/2025,2025,4,Wednesday,93,8.26,0.00,0.00,0.00,96.26662,0,0,18.808594,0
07/04/2025,2025,4,Monday,100,9.45,0.00,0.00,0.00,96.81852,0,0,18.75,0
07/04/2025,2025,4,Monday,93,8.33,0.00,0.00,0.00,96.99917,0,0,18.984375,0
06/04/2025,2025,4,Sunday,95,9.03,0.00,0.00,0.00,92.79903,0,0,18.75,0
05/04/2025,2025,4,Saturday,91,8.34,0.00,0.00,0.00,96.40077,0,0,18.632812,0
04/04/2025,2025,4,Friday,90,8.26,0.00,0.00,0.00,93.12402,0,0,18.808594,0
03/04/2025,2025,4,Thursday,93,8.36,0.00,0.00,0.00,95.58166,0,0,18.608398,0
02/04/2025,2025,4,Wednesday,92,8.57,0.00,0.00,0.00,96.00246,0,0,18.925781,0
31/03/2025,2025,3,Monday,95,9.22,0.00,0.00,0.00,96.6523,0,0,18.535156,0
31/03/2025,2025,3,Monday,79,7.32,0.00,0.00,0.00,96.45316,0,0,18.984375,0
29/03/2025,2025,3,Saturday,100,10.23,0.00,0.00,0.00,89.646736,0,0,19.436035,0
29/03/2025,2025,3,Saturday,0,0.00,0.00,0.00,0.00,0,0,0,0,0
28/03/2025,2025,3,Friday,90,8.15,0.00,0.00,0.00,95.497986,0,0,18.75,0
27/03/2025,2025,3,Thursday,86,8.18,0.00,0.00,0.00,95.82244,0,0,18.398438,0
25/03/2025,2025,3,Tuesday,86,8.00,0.00,0.00,0.00,95.82969,0,0,18.808594,0
25/03/2025,2025,3,Tuesday,90,8.12,0.00,0.00,0.00,94.04151,0,0,18.774414,0
23/03/2025,2025,3,Sunday,100,8.83,0.00,0.00,0.00,94.9919,0,0,18.75,0
23/03/2025,2025,3,Sunday,100,10.03,0.00,0.00,0.00,91.356705,0,0,19.072266,0
22/03/2025,2025,3,Saturday,90,10.51,0.00,0.00,0.00,87.34936,0,0,18.984375,0
21/03/2025,2025,3,Friday,64,6.74,0.00,0.00,0.00,88.22356,0,0,18.984375,0
20/03/2025,2025,3,Thursday,80,7.49,0.00,0.00,0.00,97.435394,0,0,18.457031,0
19/03/2025,2025,3,Wednesday,78,7.24,0.00,0.00,0.00,93.55464,0,0,18.75,0
18/03/2025,2025,3,Tuesday,96,8.20,0.00,0.00,0.00,93.90258,0,0,18.671875,0
17/03/2025,2025,3,Monday,100,10.97,0.00,0.00,0.00,95.51565,0,0,18.867188,0
16/03/2025,2025,3,Sunday,77,7.11,0.00,0.00,0.00,89.19107,0,0,19.394531,0
14/03/2025,2025,3,Friday,100,10.53,0.00,0.00,0.00,88.98626,0,0,18.808594,0
14/03/2025,2025,3,Friday,72,7.43,0.00,0.00,0.00,95.05995,0,0,18.808594,0
12/03/2025,2025,3,Wednesday,83,8.14,0.00,0.00,0.00,93.441444,0,0,18.339844,0
12/03/2025,2025,3,Wednesday,74,7.76,0.00,0.00,0.00,91.82342,0,0,18.632812,0
11/03/2025,2025,3,Tuesday,79,7.36,0.00,0.00,0.00,97.844246,0,0,18.603516,0
09/03/2025,2025,3,Sunday,89,8.19,0.00,0.00,0.00,98.67732,0,0,18.640137,0
09/03/2025,2025,3,Sunday,0,0.00,0.00,0.00,0.00,0,0,0,0,0
08/03/2025,2025,3,Saturday,85,8.97,0.00,0.00,0.00,86.21248,0,0,18.984375,0
07/03/2025,2025,3,Friday,73,6.79,0.00,0.00,0.00,90.7851,0,0,18.867188,0
05/03/2025,2025,3,Wednesday,98,9.26,0.00,0.00,0.00,89.26782,0,0,18.984375,0
05/03/2025,2025,3,Wednesday,93,10.73,0.00,0.00,0.00,89.03682,0,0,18.83789,0
04/03/2025,2025,3,Tuesday,79,9.27,0.00,0.00,0.00,92.87416,0,0,18.574219,0
03/03/2025,2025,3,Monday,44,4.47,0.00,0.00,0.00,97.76107,0,0,19.570312,0
02/03/2025,2025,3,Sunday,75,9.01,0.00,0.00,0.00,87.11623,0,0,19.526367,0
01/03/2025,2025,3,Saturday,63,7.49,0.00,0.00,0.00,93.21975,0,0,18.828125,0
28/02/2025,2025,2,Friday,48,5.03,0.00,0.00,0.00,95.193825,0,0,19.248047,0
27/02/2025,2025,2,Thursday,72,7.57,0.00,0.00,0.00,94.386765,0,0,18.398438,0
26/02/2025,2025,2,Wednesday,0,0.00,0.00,0.00,0.00,0,0,0,0,0
25/02/2025,2025,2,Tuesday,78,8.24,0.00,0.00,0.00,92.90405,0,0,18.457031,0
24/02/2025,2025,2,Monday,80,8.70,0.00,0.00,0.00,87.68396,0,0,18.574219,0
23/02/2025,2025,2,Sunday,71,9.65,0.00,0.00,0.00,76.50677,0,0,19.453125,0
22/02/2025,2025,2,Saturday,0,0.00,0.00,0.00,0.00,0,0,0,0,0
21/02/2025,2025,2,Friday,58,5.93,0.00,0.00,0.00,92.7033,0,0,17.8125,0
20/02/2025,2025,2,Thursday,78,8.29,0.00,0.00,0.00,93.79249,0,0,17.695312,0
19/02/2025,2025,2,Wednesday,56,5.52,0.00,0.00,0.00,93.442085,0,0,18.75,0
18/02/2025,2025,2,Tuesday,90,7.91,0.00,0.00,0.00,93.07517,0,0,18.66211,0
16/02/2025,2025,2,Sunday,96,9.03,0.00,0.00,0.00,92.77435,0,0,18.90625,0
16/02/2025,2025,2,Sunday,90,9.31,0.00,0.00,0.00,77.661644,0,0,18.945312,0
14/02/2025,2025,2,Friday,100,11.50,0.00,0.00,0.00,86.28443,0,0,18.867188,0
13/02/2025,2025,2,Thursday,67,9.80,0.00,0.00,0.00,59.67152,0,0,19.943848,0
13/02/2025,2025,2,Thursday,84,8.51,0.00,0.00,0.00,90.43575,0,0,19.21875,0
12/02/2025,2025,2,Wednesday,77,8.21,0.00,0.00,0.00,89.99971,0,0,18.398438,0
11/02/2025,2025,2,Tuesday,74,7.87,0.00,0.00,0.00,88.008766,0,0,18.75,0
09/02/2025,2025,2,Sunday,86,8.81,0.00,0.00,0.00,91.33206,0,0,19.13086,0
09/02/2025,2025,2,Sunday,87,10.47,0.00,0.00,0.00,82.50206,0,0,18.867188,0
08/02/2025,2025,2,Saturday,66,7.81,0.00,0.00,0.00,81.12026,0,0,19.101562,0
07/02/2025,2025,2,Friday,86,8.43,0.00,0.00,0.00,92.62475,0,0,18.515625,0
06/02/2025,2025,2,Thursday,83,7.96,0.00,0.00,0.00,93.9029,0,0,18.515625,0
05/02/2025,2025,2,Wednesday,83,8.09,0.00,0.00,0.00,91.73329,0,0,18.027344,0
04/02/2025,2025,2,Tuesday,85,7.90,0.00,0.00,0.00,91.55394,0,0,18.632812,0
03/02/2025,2025,2,Monday,96,8.41,0.00,0.00,0.00,92.23808,0,0,18.867188,0
02/02/2025,2025,2,Sunday,98,10.21,0.00,0.00,0.00,90.45948,0,0,18.984375,0
01/02/2025,2025,2,Saturday,78,8.99,0.00,0.00,0.00,83.769325,0,0,18.867188,0
31/01/2025,2025,1,Friday,73,7.99,0.00,0.00,0.00,88.10568,0,0,18.691406,0
30/01/2025,2025,1,Thursday,77,8.03,0.00,0.00,0.00,88.62233,0,0,18.984375,0
29/01/2025,2025,1,Wednesday,73,7.39,0.00,0.00,0.00,90.93905,0,0,18.75,0
28/01/2025,2025,1,Tuesday,88,9.24,0.00,0.00,0.00,91.863594,0,0,19.453125,0
26/01/2025,2025,1,Sunday,76,8.06,0.00,0.00,0.00,88.09944,0,0,19.414062,0
26/01/2025,2025,1,Sunday,76,9.71,0.00,0.00,0.00,82.38392,0,0,18.75,0
25/01/2025,2025,1,Saturday,66,6.66,0.00,0.00,0.00,95.2784,0,0,18.867188,0
24/01/2025,2025,1,Friday,73,7.91,0.00,0.00,0.00,93.39443,0,0,18.925781,0
23/01/2025,2025,1,Thursday,73,7.55,0.00,0.00,0.00,94.45031,0,0,18.574219,0
22/01/2025,2025,1,Wednesday,65,6.84,0.00,0.00,0.00,92.451004,0,0,18.339844,0
21/01/2025,2025,1,Tuesday,76,7.48,0.00,0.00,0.00,92.75127,0,0,18.339844,0
20/01/2025,2025,1,Monday,87,7.80,0.00,0.00,0.00,92.14834,0,0,18.603516,0
18/01/2025,2025,1,Saturday,100,10.80,0.00,0.00,0.00,88.28452,0,0,18.964844,0
18/01/2025,2025,1,Saturday,83,8.86,0.00,0.00,0.00,79.8461,0,0,18.925781,0
17/01/2025,2025,1,Friday,92,8.97,0.00,0.00,0.00,94.89173,0,0,18.398438,0
16/01/2025,2025,1,Thursday,85,8.44,0.00,0.00,0.00,93.6422,0,0,18.691406,0
15/01/2025,2025,1,Wednesday,82,8.11,0.00,0.00,0.00,90.80899,0,0,18.652344,0
14/01/2025,2025,1,Tuesday,0,0.00,0.00,0.00,0.00,0,0,0,0,0
13/01/2025,2025,1,Monday,83,9.14,0.00,0.00,0.00,81.33748,0,0,18.574219,0
12/01/2025,2025,1,Sunday,86,8.48,0.00,0.00,0.00,91.83339,0,0,18.808594,0
11/01/2025,2025,1,Saturday,89,8.24,0.00,0.00,0.00,92.744896,0,0,18.59375,0
09/01/2025,2025,1,Thursday,93,9.40,0.00,0.00,0.00,89.559265,0,0,18.339844,0
08/01/2025,2025,1,Wednesday,82,8.47,0.00,0.00,0.00,88.86763,0,0,18.134766,0
08/01/2025,2025,1,Wednesday,86,8.38,0.00,0.00,0.00,88.05587,0,0,18.105469,0
07/01/2025,2025,1,Tuesday,95,10.21,0.00,0.00,0.00,94.7951,0,0,18.164062,0
06/01/2025,2025,1,Monday,69,7.16,0.00,0.00,0.00,93.48576,0,0,17.753906,0
05/01/2025,2025,1,Sunday,72,7.01,0.00,0.00,0.00,94.93056,0,0,18.125,0
03/01/2025,2025,1,Friday,85,11.22,0.00,0.00,0.00,65.03038,0,0,19.277344,0
03/01/2025,2025,1,Friday,91,7.96,0.00,0.00,0.00,80.8789,0,0,19.746094,0
02/01/2025,2025,1,Thursday,14,1.58,0.00,0.00,0.00,72.53355,0,0,17.753906,0
02/01/2025,2025,1,Thursday,96,12.75,0.00,0.00,0.00,77.28741,0,0,18.691406,0
01/01/2025,2025,1,Wednesday,34,3.92,0.00,0.00,0.00,85.71331,0,0,19.577637,0
31/12/2024,2024,12,Tuesday,81,8.26,0.00,0.00,0.00,91.93685,0,0,17.695312,0
30/12/2024,2024,12,Monday,83,8.61,0.00,0.00,0.00,90.36587,0,0,18.457031,0
29/12/2024,2024,12,Sunday,61,5.48,0.00,0.00,0.00,82.60165,0,0,20.058594,0
28/12/2024,2024,12,Saturday,23,2.23,0.00,0.00,0.00,95.8952,0,0,19.746094,0
28/12/2024,2024,12,Saturday,77,7.45,0.00,0.00,0.00,89.08142,0,0,19.101562,0
27/12/2024,2024,12,Friday,98,9.58,0.00,0.00,0.00,82.49453,0,0,18.017578,0
26/12/2024,2024,12,Thursday,100,10.08,0.00,0.00,0.00,92.68746,0,0,18.515625,0
25/12/2024,2024,12,Wednesday,82,8.53,0.00,0.00,0.00,95.9554,0,0,17.988281,0
24/12/2024,2024,12,Tuesday,71,8.69,0.00,0.00,0.00,83.89331,0,0,18.984375,0
23/12/2024,2024,12,Monday,55,5.94,0.00,0.00,0.00,96.37339,0,0,18.75,0
22/12/2024,2024,12,Sunday,52,5.93,0.00,0.00,0.00,93.49458,0,0,19.746094,0
21/12/2024,2024,12,Saturday,59,6.93,0.00,0.00,0.00,90.717354,0,0,18.339844,0
20/12/2024,2024,12,Friday,66,7.74,0.00,0.00,0.00,93.741455,0,0,18.203125,0
19/12/2024,2024,12,Thursday,67,7.68,0.00,0.00,0.00,90.46104,0,0,18.476562,0
18/12/2024,2024,12,Wednesday,70,7.85,0.00,0.00,0.00,92.09392,0,0,18.398438,0
17/12/2024,2024,12,Tuesday,56,7.14,0.00,0.00,0.00,83.97237,0,0,18.339844,0
16/12/2024,2024,12,Monday,51,5.42,0.00,0.00,0.00,93.60089,0,0,18.925781,0
14/12/2024,2024,12,Saturday,31,3.98,0.00,0.00,0.00,88.635445,0,0,20.097656,0
13/12/2024,2024,12,Friday,54,5.82,0.00,0.00,0.00,93.498726,0,0,18.105469,0
12/12/2024,2024,12,Thursday,56,6.38,0.00,0.00,0.00,89.13032,0,0,17.929688,0
11/12/2024,2024,12,Wednesday,56,5.71,0.00,0.00,0.00,96.2427,0,0,18.398438,0
10/12/2024,2024,12,Tuesday,77,8.37,0.00,0.00,0.00,94.74697,0,0,18.19336,0
08/12/2024,2024,12,Sunday,49,5.09,0.00,0.00,0.00,92.72253,0,0,18.457031,0
08/12/2024,2024,12,Sunday,73,7.34,0.00,0.00,0.00,88.75643,0,0,18.808594,0
07/12/2024,2024,12,Saturday,16,1.79,0.00,0.00,0.00,88.391304,0,0,19.248047,0
07/12/2024,2024,12,Saturday,51,5.82,0.00,0.00,0.00,94.22271,0,0,19.658203,0
06/12/2024,2024,12,Friday,65,7.51,0.00,0.00,0.00,90.43488,0,0,18.066406,0
05/12/2024,2024,12,Thursday,74,8.19,0.00,0.00,0.00,87.425804,0,0,18.808594,0
03/12/2024,2024,12,Tuesday,77,9.12,0.00,0.00,0.00,84.98646,0,0,18.076172,0
03/12/2024,2024,12,Tuesday,51,5.38,0.00,0.00,0.00,93.41268,0,0,18.222656,0
02/12/2024,2024,12,Monday,73,8.38,0.00,0.00,0.00,91.91547,0,0,18.24707,0
01/12/2024,2024,12,Sunday,47,5.66,0.00,0.00,0.00,89.37634,0,0,19.335938,0
30/11/2024,2024,11,Saturday,34,3.79,0.00,0.00,0.00,92.472305,0,0,19.804688,0
29/11/2024,2024,11,Friday,47,5.33,0.00,0.00,0.00,94.2247,0,0,18.691406,0
28/11/2024,2024,11,Thursday,58,6.35,0.00,0.00,0.00,93.13841,0,0,19.863281,0
27/11/2024,2024,11,Wednesday,75,8.68,0.00,0.00,0.00,88.82633,0,0,18.046875,0
26/11/2024,2024,11,Tuesday,70,8.33,0.00,0.00,0.00,91.690895,0,0,18.046875,0
25/11/2024,2024,11,Monday,54,6.34,0.00,0.00,0.00,81.91411,0,0,18.808594,0
24/11/2024,2024,11,Sunday,72,8.26,0.00,0.00,0.00,92.32741,0,0,20.332031,0
23/11/2024,2024,11,Saturday,45,4.66,0.00,0.00,0.00,97.91706,0,0,20.449219,0
22/11/2024,2024,11,Friday,70,7.93,0.00,0.00,0.00,86.611565,0,0,18.427734,0
21/11/2024,2024,11,Thursday,75,8.55,0.00,0.00,0.00,85.57773,0,0,18.105469,0
20/11/2024,2024,11,Wednesday,87,9.43,0.00,0.00,0.00,90.885544,0,0,18.339844,0
19/11/2024,2024,11,Tuesday,70,6.45,0.00,0.00,0.00,89.44704,0,0,18.046875,0
18/11/2024,2024,11,Monday,96,10.01,0.00,0.00,0.00,86.000885,0,0,18.164062,0
17/11/2024,2024,11,Sunday,78,9.01,0.00,0.00,0.00,84.90406,0,0,18.261719,0
16/11/2024,2024,11,Saturday,81,10.29,0.00,0.00,0.00,83.85191,0,0,18.237305,0
15/11/2024,2024,11,Friday,53,4.99,0.00,0.00,0.00,96.90933,0,0,20.039062,0
14/11/2024,2024,11,Thursday,99,10.34,0.00,0.00,0.00,90.86111,0,0,17.929688,0
13/11/2024,2024,11,Wednesday,79,8.39,0.00,0.00,0.00,90.65548,0,0,18.496094,0
12/11/2024,2024,11,Tuesday,80,8.18,0.00,0.00,0.00,89.525444,0,0,17.988281,0
10/11/2024,2024,11,Sunday,93,9.97,0.00,0.00,0.00,92.89729,0,0,18.154297,0
10/11/2024,2024,11,Sunday,63,7.27,0.00,0.00,0.00,89.455696,0,0,19.11621,0
09/11/2024,2024,11,Saturday,0,0.00,0.00,0.00,0.00,0,0,0,0,0
08/11/2024,2024,11,Friday,68,6.47,0.00,0.00,0.00,92.39508,0,0,17.841797,0
07/11/2024,2024,11,Thursday,89,8.77,0.00,0.00,0.00,88.59013,0,0,17.871094,0
05/11/2024,2024,11,Tuesday,100,10.97,0.00,0.00,0.00,84.39501,0,0,17.773438,0
05/11/2024,2024,11,Tuesday,100,6.47,0.00,0.00,0.00,89.413895,0,0,17.753906,0
04/11/2024,2024,11,Monday,63,7.83,0.00,0.00,0.00,84.44516,0,0,18.808594,0
04/11/2024,2024,11,Monday,26,3.03,0.00,0.00,0.00,89.010605,0,0,17.695312,0
03/11/2024,2024,11,Sunday,12,1.26,0.00,0.00,0.00,92.0531,0,0,20.507812,0
02/11/2024,2024,11,Saturday,82,8.25,0.00,0.00,0.00,87.567085,0,0,19.160156,0
01/11/2024,2024,11,Friday,96,9.40,0.00,0.00,0.00,93.38558,0,0,19.453125,0
31/10/2024,2024,10,Thursday,100,10.26,0.00,0.00,0.00,89.97177,0,0,17.929688,0
30/10/2024,2024,10,Wednesday,100,9.04,0.00,0.00,0.00,89.78592,0,0,17.753906,0
29/10/2024,2024,10,Tuesday,16,2.19,0.00,0.00,0.00,69.65962,0,0,18.984375,0
29/10/2024,2024,10,Tuesday,80,8.01,0.00,0.00,0.00,93.20249,0,0,17.519531,0
28/10/2024,2024,10,Monday,84,9.18,0.00,0.00,0.00,95.52639,0,0,17.578125,0
27/10/2024,2024,10,Sunday,54,6.56,0.00,0.00,0.00,89.175446,0,0,18.955078,0
26/10/2024,2024,10,Saturday,70,8.96,0.00,0.00,0.00,87.28271,0,0,19.179688,0
25/10/2024,2024,10,Friday,60,8.52,0.00,0.00,0.00,78.217735,0,0,19.663086,0
24/10/2024,2024,10,Thursday,31,3.59,0.00,0.00,0.00,83.98875,0,0,17.460938,0
23/10/2024,2024,10,Wednesday,74,7.98,0.00,0.00,0.00,85.84049,0,0,17.929688,0
22/10/2024,2024,10,Tuesday,85,8.47,0.00,0.00,0.00,82.49506,0,0,17.695312,0
21/10/2024,2024,10,Monday,100,9.07,0.00,0.00,0.00,91.261894,0,0,17.929688,0
20/10/2024,2024,10,Sunday,39,4.41,0.00,0.00,0.00,91.509445,0,0,20.332031,0
20/10/2024,2024,10,Sunday,0,1.00,0.00,0.00,0.00,0,0,0,16.933594,0
19/10/2024,2024,10,Saturday,68,6.64,0.00,0.00,0.00,91.83963,0,0,19.6875,0
17/10/2024,2024,10,Thursday,100,10.80,0.00,0.00,0.00,90.061295,0,0,17.988281,0
16/10/2024,2024,10,Wednesday,93,8.58,0.00,0.00,0.00,86.19435,0,0,17.871094,0
15/10/2024,2024,10,Tuesday,100,11.14,0.00,0.00,0.00,90.35102,0,0,18.164062,0
15/10/2024,2024,10,Tuesday,77,7.38,0.00,0.00,0.00,86.98066,0,0,17.929688,0
13/10/2024,2024,10,Sunday,96,9.99,0.00,0.00,0.00,86.30079,0,0,18.046875,0
13/10/2024,2024,10,Sunday,79,8.69,0.00,0.00,0.00,87.03741,0,0,18.598633,0
12/10/2024,2024,10,Saturday,79,8.19,0.00,0.00,0.00,85.32434,0,0,18.457031,0
11/10/2024,2024,10,Friday,90,8.65,0.00,0.00,0.00,93.06396,0,0,17.753906,0
10/10/2024,2024,10,Thursday,87,7.76,0.00,0.00,0.00,92.93991,0,0,18.105469,0
08/10/2024,2024,10,Tuesday,100,9.56,0.00,0.00,0.00,91.659904,0,0,17.592773,0
07/10/2024,2024,10,Monday,100,9.89,0.00,0.00,0.00,92.86903,0,0,17.636719,0
06/10/2024,2024,10,Sunday,100,11.39,0.00,0.00,0.00,83.31198,0,0,18.574219,0
06/10/2024,2024,10,Sunday,21,2.23,0.00,0.00,0.00,94.2647,0,0,20.976562,0
06/10/2024,2024,10,Sunday,46,5.35,0.00,0.00,0.00,90.26955,0,0,19.6875,0
05/10/2024,2024,10,Saturday,66,8.43,0.00,0.00,0.00,84.33654,0,0,19.248047,0
04/10/2024,2024,10,Friday,44,4.40,0.00,0.00,0.00,93.40839,0,0,19.570312,0
02/10/2024,2024,10,Wednesday,92,8.62,0.00,0.00,0.00,93.36434,0,0,17.929688,0
01/10/2024,2024,10,Tuesday,88,8.90,0.00,0.00,0.00,92.38128,0,0,18.017578,0
01/10/2024,2024,10,Tuesday,73,6.73,0.00,0.00,0.00,90.23779,0,0,18.632812,0
29/09/2024,2024,9,Sunday,100,9.04,0.00,0.00,0.00,91.30008,0,0,18.613281,0
29/09/2024,2024,9,Sunday,38,4.34,0.00,0.00,0.00,88.375786,0,0,20.141602,0
29/09/2024,2024,9,Sunday,27,3.27,0.00,0.00,0.00,84.13047,0,0,21.064453,0
28/09/2024,2024,9,Saturday,57,5.92,0.00,0.00,0.00,84.51946,0,0,19.46289,0
27/09/2024,2024,9,Friday,100,9.48,0.00,0.00,0.00,89.35783,0,0,17.460938,0
25/09/2024,2024,9,Wednesday,94,9.58,0.00,0.00,0.00,83.28646,0,0,18.164062,0
24/09/2024,2024,9,Tuesday,100,9.95,0.00,0.00,0.00,86.1789,0,0,17.8125,0
23/09/2024,2024,9,Monday,100,9.63,0.00,0.00,0.00,89.26979,0,0,17.705078,0
22/09/2024,2024,9,Sunday,100,9.79,0.00,0.00,0.00,84.830795,0,0,17.792969,0
21/09/2024,2024,9,Saturday,100,9.01,0.00,0.00,0.00,88.26601,0,0,18.105469,0
21/09/2024,2024,9,Saturday,30,2.93,0.00,0.00,0.00,96.66617,0,0,19.863281,0
21/09/2024,2024,9,Saturday,70,7.32,0.00,0.00,0.00,90.878654,0,0,20.039062,0
20/09/2024,2024,9,Friday,83,8.15,0.00,0.00,0.00,91.64196,0,0,18.925781,0
19/09/2024,2024,9,Thursday,87,8.86,0.00,0.00,0.00,87.35565,0,0,18.134766,0
17/09/2024,2024,9,Tuesday,100,9.69,0.00,0.00,0.00,91.23813,0,0,17.871094,0
16/09/2024,2024,9,Monday,96,8.56,0.00,0.00,0.00,93.41481,0,0,18.26416,0
15/09/2024,2024,9,Sunday,100,11.21,0.00,0.00,0.00,94.85339,0,0,18.105469,0
15/09/2024,2024,9,Sunday,18,2.17,0.00,0.00,0.00,75.79038,0,0,19.892578,0
13/09/2024,2024,9,Friday,100,10.22,0.00,0.00,0.00,90.59548,0,0,17.636719,0
12/09/2024,2024,9,Thursday,87,7.74,0.00,0.00,0.00,93.236015,0,0,19.101562,0
11/09/2024,2024,9,Wednesday,100,9.58,0.00,0.00,0.00,92.940994,0,0,17.929688,0
10/09/2024,2024,9,Tuesday,95,9.37,0.00,0.00,0.00,94.80053,0,0,17.988281,0
09/09/2024,2024,9,Monday,76,7.19,0.00,0.00,0.00,89.465904,0,0,17.871094,0
08/09/2024,2024,9,Sunday,97,10.25,0.00,0.00,0.00,93.87259,0,0,18.28125,0
08/09/2024,2024,9,Sunday,60,6.67,0.00,0.00,0.00,87.2597,0,0,19.921875,0
07/09/2024,2024,9,Saturday,63,5.09,0.00,0.00,0.00,95.392914,0,0,20.136719,0
06/09/2024,2024,9,Friday,27,2.94,0.00,0.00,0.00,92.797775,0,0,19.199219,0
05/09/2024,2024,9,Thursday,38,3.44,0.00,0.00,0.00,95.46543,0,0,17.734375,0
04/09/2024,2024,9,Wednesday,96,8.59,0.00,0.00,0.00,91.96229,0,0,18.222656,0
03/09/2024,2024,9,Tuesday,100,10.46,0.00,0.00,0.00,81.696915,0,0,19.277344,0
02/09/2024,2024,9,Monday,100,8.16,0.00,0.00,0.00,93.687386,0,0,19.042969,0
02/09/2024,2024,9,Monday,29,3.48,0.00,0.00,0.00,87.46991,0,0,18.867188,0
01/09/2024,2024,9,Sunday,33,3.32,0.00,0.00,0.00,92.51155,0,0,18.955078,0
01/09/2024,2024,9,Sunday,78,8.16,0.00,0.00,0.00,91.25766,0,0,19.482422,0
31/08/2024,2024,8,Saturday,70,7.29,0.00,0.00,0.00,88.065895,0,0,19.6875,0
30/08/2024,2024,8,Friday,80,7.23,0.00,0.00,0.00,93.98706,0,0,19.003906,0
28/08/2024,2024,8,Wednesday,93,8.96,0.00,0.00,0.00,93.62072,0,0,18.75,0
27/08/2024,2024,8,Tuesday,82,7.82,0.00,0.00,0.00,86.62212,0,0,18.271484,0
26/08/2024,2024,8,Monday,100,10.44,0.00,0.00,0.00,94.0745,0,0,18.164062,0
25/08/2024,2024,8,Sunday,94,10.42,0.00,0.00,0.00,90.54297,0,0,17.912598,0
25/08/2024,2024,8,Sunday,48,4.96,0.00,0.00,0.00,95.63784,0,0,19.570312,0
23/08/2024,2024,8,Friday,72,8.27,0.00,0.00,0.00,92.58505,0,0,19.921875,0
22/08/2024,2024,8,Thursday,44,4.37,0.00,0.00,0.00,89.7954,0,0,19.980469,0
21/08/2024,2024,8,Wednesday,93,9.34,0.00,0.00,0.00,93.79826,0,0,18.164062,0
20/08/2024,2024,8,Tuesday,86,8.84,0.00,0.00,0.00,94.41883,0,0,18.652344,0
19/08/2024,2024,8,Monday,83,7.56,0.00,0.00,0.00,92.86459,0,0,18.64746,0
18/08/2024,2024,8,Sunday,100,12.18,0.00,0.00,0.00,88.43344,0,0,18.398438,0
18/08/2024,2024,8,Sunday,52,5.69,0.00,0.00,0.00,90.84454,0,0,19.746094,0
17/08/2024,2024,8,Saturday,68,8.03,0.00,0.00,0.00,83.95202,0,0,19.394531,0
15/08/2024,2024,8,Thursday,71,7.61,0.00,0.00,0.00,92.69042,0,0,19.482422,0
14/08/2024,2024,8,Wednesday,73,7.80,0.00,0.00,0.00,87.306175,0,0,19.174805,0
13/08/2024,2024,8,Tuesday,82,7.88,0.00,0.00,0.00,93.59726,0,0,18.515625,0
12/08/2024,2024,8,Monday,92,9.07,0.00,0.00,0.00,87.668106,0,0,18.544922,0
11/08/2024,2024,8,Sunday,91,9.45,0.00,0.00,0.00,90.71519,0,0,18.398438,0
10/08/2024,2024,8,Saturday,69,7.39,0.00,0.00,0.00,90.06524,0,0,18.105469,0
09/08/2024,2024,8,Friday,79,8.60,0.00,0.00,0.00,91.759995,0,0,18.188477,0
08/08/2024,2024,8,Thursday,74,8.69,0.00,0.00,0.00,89.01614,0,0,18.046875,0
07/08/2024,2024,8,Wednesday,72,7.94,0.00,0.00,0.00,94.58881,0,0,18.544922,0
06/08/2024,2024,8,Tuesday,71,7.72,0.00,0.00,0.00,91.440186,0,0,18.691406,0
05/08/2024,2024,8,Monday,72,7.01,0.00,0.00,0.00,89.79315,0,0,18.691406,0
05/08/2024,2024,8,Monday,21,2.31,0.00,0.00,0.00,92.631516,0,0,19.15039,0
04/08/2024,2024,8,Sunday,43,4.81,0.00,0.00,0.00,93.26603,0,0,18.80127,0
04/08/2024,2024,8,Sunday,51,5.98,0.00,0.00,0.00,87.80125,0,0,19.550781,0
02/08/2024,2024,8,Friday,78,8.88,0.00,0.00,0.00,87.05529,0,0,18.75,0
01/08/2024,2024,8,Thursday,66,7.55,0.00,0.00,0.00,92.31603,0,0,19.987793,0
31/07/2024,2024,7,Wednesday,70,7.32,0.00,0.00,0.00,88.85168,0,0,18.339844,0
30/07/2024,2024,7,Tuesday,85,10.09,0.00,0.00,0.00,84.5909,0,0,18.457031,0
29/07/2024,2024,7,Monday,67,6.39,0.00,0.00,0.00,94.82961,0,0,18.339844,0
28/07/2024,2024,7,Sunday,81,8.64,0.00,0.00,0.00,89.73852,0,0,18.75,0
28/07/2024,2024,7,Sunday,74,7.63,0.00,0.00,0.00,94.01063,0,0,19.746094,0
26/07/2024,2024,7,Friday,83,9.12,0.00,0.00,0.00,93.31532,0,0,17.988281,0
26/07/2024,2024,7,Friday,68,7.37,0.00,0.00,0.00,97.25562,0,0,19.453125,0
25/07/2024,2024,7,Thursday,57,6.35,0.00,0.00,0.00,87.0153,0,0,19.453125,0
24/07/2024,2024,7,Wednesday,10,1.26,0.00,0.00,0.00,93.70487,0,0,20.644531,0
21/07/2024,2024,7,Sunday,19,8.00,0.00,0.00,0.00,50.815575,0,0,18.842773,0
23/07/2024,2024,7,Tuesday,55,5.92,0.00,0.00,0.00,95.01885,0,0,18.398438,0
23/07/2024,2024,7,Tuesday,33,4.00,0.00,0.00,0.00,80.00569,0,0,19.628906,0
21/07/2024,2024,7,Sunday,87,9.26,0.00,0.00,0.00,93.16661,0,0,18.769531,0
20/07/2024,2024,7,Saturday,62,6.79,0.00,0.00,0.00,90.91946,0,0,19.6875,0
19/07/2024,2024,7,Friday,78,7.79,0.00,0.00,0.00,90.54504,0,0,18.339844,0
18/07/2024,2024,7,Thursday,90,8.76,0.00,0.00,0.00,88.573685,0,0,18.261719,0
17/07/2024,2024,7,Wednesday,96,8.96,0.00,0.00,0.00,91.35888,0,0,18.75,0
16/07/2024,2024,7,Tuesday,100,9.97,0.00,0.00,0.00,91.59956,0,0,18.515625,0
14/07/2024,2024,7,Sunday,98,10.64,0.00,0.00,0.00,92.28198,0,0,18.36914,0
14/07/2024,2024,7,Sunday,53,5.60,0.00,0.00,0.00,97.122375,0,0,19.169922,0
13/07/2024,2024,7,Saturday,48,5.87,0.00,0.00,0.00,75.93419,0,0,19.013672,0
12/07/2024,2024,7,Friday,91,9.16,0.00,0.00,0.00,92.44929,0,0,18.222656,0
11/07/2024,2024,7,Thursday,89,8.58,0.00,0.00,0.00,91.31321,0,0,17.929688,0
10/07/2024,2024,7,Wednesday,98,9.21,0.00,0.00,0.00,90.82883,0,0,18.28125,0
09/07/2024,2024,7,Tuesday,98,10.03,0.00,0.00,0.00,93.849655,0,0,18.75,0
08/07/2024,2024,7,Monday,74,8.20,0.00,0.00,0.00,88.86366,0,0,18.632812,0
07/07/2024,2024,7,Sunday,77,8.19,0.00,0.00,0.00,90.75416,0,0,19.042969,0
06/07/2024,2024,7,Saturday,79,7.57,0.00,0.00,0.00,88.051155,0,0,18.632812,0
05/07/2024,2024,7,Friday,100,10.01,0.00,0.00,0.00,89.70232,0,0,17.988281,0
03/07/2024,2024,7,Wednesday,92,11.36,0.00,0.00,0.00,82.62065,0,0,17.636719,0
03/07/2024,2024,7,Wednesday,64,6.19,0.00,0.00,0.00,87.19231,0,0,17.65625,0
02/07/2024,2024,7,Tuesday,96,10.01,0.00,0.00,0.00,89.40577,0,0,17.988281,0
01/07/2024,2024,7,Monday,83,11.08,0.00,0.00,0.00,77.54952,0,0,18.515625,0
30/06/2024,2024,6,Sunday,69,8.40,0.00,0.00,0.00,89.972534,0,0,19.042969,0
29/06/2024,2024,6,Saturday,72,8.02,0.00,0.00,0.00,91.70804,0,0,19.160156,0
28/06/2024,2024,6,Friday,69,7.02,0.00,0.00,0.00,92.00889,0,0,18.808594,0
27/06/2024,2024,6,Thursday,85,9.16,0.00,0.00,0.00,90.28918,0,0,18.28125,0
26/06/2024,2024,6,Wednesday,73,8.07,0.00,0.00,0.00,88.97099,0,0,18.28125,0
25/06/2024,2024,6,Tuesday,78,8.90,0.00,0.00,0.00,88.20848,0,0,18.398438,0
24/06/2024,2024,6,Monday,72,9.34,0.00,0.00,0.00,84.81959,0,0,18.222656,0
23/06/2024,2024,6,Sunday,62,7.45,0.00,0.00,0.00,90.96767,0,0,18.632812,0
22/06/2024,2024,6,Saturday,45,4.97,0.00,0.00,0.00,96.17295,0,0,19.921875,0
21/06/2024,2024,6,Friday,76,8.59,0.00,0.00,0.00,87.40502,0,0,18.164062,0
20/06/2024,2024,6,Thursday,69,6.71,0.00,0.00,0.00,94.6234,0,0,18.339844,0
19/06/2024,2024,6,Wednesday,91,9.52,0.00,0.00,0.00,93.69194,0,0,17.597656,0
18/06/2024,2024,6,Tuesday,6,1.00,0.00,0.00,0.00,66.87065,0,0,17.753906,0
17/06/2024,2024,6,Monday,62,5.97,0.00,0.00,0.00,92.617065,0,0,17.519531,0
16/06/2024,2024,6,Sunday,89,10.26,0.00,0.00,0.00,87.95844,0,0,18.417969,0
16/06/2024,2024,6,Sunday,44,5.84,0.00,0.00,0.00,75.993546,0,0,19.697266,0
14/06/2024,2024,6,Friday,82,8.87,0.00,0.00,0.00,89.51886,0,0,18.1958,0
14/06/2024,2024,6,Friday,70,6.98,0.00,0.00,0.00,91.822014,0,0,19.101562,0
13/06/2024,2024,6,Thursday,11,1.30,0.00,0.00,0.00,88.7393,0,0,20.3125,0
13/06/2024,2024,6,Thursday,57,6.15,0.00,0.00,0.00,89.508316,0,0,20.24414,0
11/06/2024,2024,6,Tuesday,85,8.96,0.00,0.00,0.00,89.75744,0,0,18.720703,0
11/06/2024,2024,6,Tuesday,87,8.24,0.00,0.00,0.00,93.84196,0,0,18.222656,0
10/06/2024,2024,6,Monday,88,9.99,0.00,0.00,0.00,89.30838,0,0,18.515625,0
09/06/2024,2024,6,Sunday,61,7.10,0.00,0.00,0.00,87.149185,0,0,19.6875,0
08/06/2024,2024,6,Saturday,69,7.56,0.00,0.00,0.00,93.38999,0,0,18.691406,0
07/06/2024,2024,6,Friday,71,7.59,0.00,0.00,0.00,92.15311,0,0,18.66211,0
06/06/2024,2024,6,Thursday,72,7.27,0.00,0.00,0.00,90.980446,0,0,18.325195,0
05/06/2024,2024,6,Wednesday,91,9.26,0.00,0.00,0.00,90.34247,0,0,18.266602,0
04/06/2024,2024,6,Tuesday,86,8.61,0.00,0.00,0.00,89.05122,0,0,17.958984,0
03/06/2024,2024,6,Monday,96,9.39,0.00,0.00,0.00,91.38719,0,0,18.105469,0
02/06/2024,2024,6,Sunday,95,9.43,0.00,0.00,0.00,93.867226,0,0,18.046875,0
01/06/2024,2024,6,Saturday,76,8.64,0.00,0.00,0.00,80.98727,0,0,19.53125,0
30/05/2024,2024,5,Thursday,90,9.37,0.00,0.00,0.00,92.8213,0,0,18.222656,0
30/05/2024,2024,5,Thursday,79,8.27,0.00,0.00,0.00,90.15563,0,0,18.691406,0
29/05/2024,2024,5,Wednesday,87,8.36,0.00,0.00,0.00,95.59093,0,0,18.378906,0
28/05/2024,2024,5,Tuesday,86,8.82,0.00,0.00,0.00,89.13282,0,0,18.310547,0
26/05/2024,2024,5,Sunday,79,9.08,0.00,0.00,0.00,91.63701,0,0,18.222656,0
26/05/2024,2024,5,Sunday,63,7.21,0.00,0.00,0.00,89.33546,0,0,18.105469,0
25/05/2024,2024,5,Saturday,73,7.54,0.00,0.00,0.00,92.29909,0,0,17.636719,0
24/05/2024,2024,5,Friday,78,7.66,0.00,0.00,0.00,91.586426,0,0,18.261719,0
23/05/2024,2024,5,Thursday,89,8.43,0.00,0.00,0.00,90.11591,0,0,17.8125,0
22/05/2024,2024,5,Wednesday,99,8.70,0.00,0.00,0.00,90.240616,0,0,18.105469,0
21/05/2024,2024,5,Tuesday,100,8.37,0.00,0.00,0.00,95.97782,0,0,18.164062,0
19/05/2024,2024,5,Sunday,100,11.10,0.00,0.00,0.00,92.82089,0,0,18.75,0
19/05/2024,2024,5,Sunday,76,8.18,0.00,0.00,0.00,95.36497,0,0,18.984375,0
18/05/2024,2024,5,Saturday,33,3.24,0.00,0.00,0.00,92.48062,0,0,21.679688,0
16/05/2024,2024,5,Thursday,95,8.12,0.00,0.00,0.00,95.044495,0,0,18.828125,0
15/05/2024,2024,5,Wednesday,97,9.37,0.00,0.00,0.00,88.05806,0,0,19.570312,0
14/05/2024,2024,5,Tuesday,100,9.73,0.00,0.00,0.00,94.56747,0,0,19.013672,0
13/05/2024,2024,5,Monday,100,9.47,0.00,0.00,0.00,95.58275,0,0,18.945312,0
12/05/2024,2024,5,Sunday,88,9.93,0.00,0.00,0.00,90.190056,0,0,19.086914,0
12/05/2024,2024,5,Sunday,46,5.13,0.00,0.00,0.00,86.25933,0,0,20.332031,0
10/05/2024,2024,5,Friday,75,8.14,0.00,0.00,0.00,94.3507,0,0,19.511719,0
10/05/2024,2024,5,Friday,34,3.07,0.00,0.00,0.00,94.255936,0,0,20.654297,0
08/05/2024,2024,5,Wednesday,97,9.38,0.00,0.00,0.00,90.643486,0,0,19.54834,0
08/05/2024,2024,5,Wednesday,94,8.23,0.00,0.00,0.00,96.48071,0,0,18.515625,0
07/05/2024,2024,5,Tuesday,97,8.81,0.00,0.00,0.00,93.778435,0,0,18.515625,0
05/05/2024,2024,5,Sunday,97,9.63,0.00,0.00,0.00,89.96626,0,0,18.398438,0
04/05/2024,2024,5,Saturday,82,7.93,0.00,0.00,0.00,91.25987,0,0,18.808594,0
03/05/2024,2024,5,Friday,88,9.35,0.00,0.00,0.00,92.52614,0,0,18.52295,0
02/05/2024,2024,5,Thursday,76,8.12,0.00,0.00,0.00,92.46022,0,0,18.47168,0
01/05/2024,2024,5,Wednesday,0,0.00,0.00,0.00,0.00,0,0,0,0,0
01/05/2024,2024,5,Wednesday,73,7.82,0.00,0.00,0.00,90.66074,0,0,19.335938,0
29/04/2024,2024,4,Monday,76,7.49,0.00,0.00,0.00,94.97336,0,0,18.75,0
28/04/2024,2024,4,Sunday,81,9.00,0.00,0.00,0.00,92.09945,0,0,19.394531,0
27/04/2024,2024,4,Saturday,42,4.29,0.00,0.00,0.00,93.77327,0,0,18.808594,0
26/04/2024,2024,4,Friday,79,8.44,0.00,0.00,0.00,91.53179,0,0,18.808594,0
25/04/2024,2024,4,Thursday,69,7.47,0.00,0.00,0.00,93.96569,0,0,18.66211,0
24/04/2024,2024,4,Wednesday,56,5.50,0.00,0.00,0.00,85.277016,0,0,18.398438,0
22/04/2024,2024,4,Monday,95,9.04,0.00,0.00,0.00,94.66666,0,0,18.867188,0
21/04/2024,2024,4,Sunday,90,9.99,0.00,0.00,0.00,87.84217,0,0,19.199219,0
20/04/2024,2024,4,Saturday,77,7.40,0.00,0.00,0.00,91.01795,0,0,19.042969,0
19/04/2024,2024,4,Friday,81,8.58,0.00,0.00,0.00,92.03457,0,0,18.632812,0
18/04/2024,2024,4,Thursday,72,6.90,0.00,0.00,0.00,91.71489,0,0,18.984375,0
16/04/2024,2024,4,Tuesday,84,7.63,0.00,0.00,0.00,93.703964,0,0,18.574219,0
15/04/2024,2024,4,Monday,90,8.80,0.00,0.00,0.00,94.78485,0,0,18.90625,0
14/04/2024,2024,4,Sunday,80,8.92,0.00,0.00,0.00,89.32484,0,0,19.667969,0
14/04/2024,2024,4,Sunday,70,7.67,0.00,0.00,0.00,91.20388,0,0,19.453125,0
13/04/2024,2024,4,Saturday,73,6.75,0.00,0.00,0.00,95.79813,0,0,19.072266,0
12/04/2024,2024,4,Friday,83,7.50,0.00,0.00,0.00,93.890785,0,0,18.427734,0
11/04/2024,2024,4,Thursday,91,8.80,0.00,0.00,0.00,89.9815,0,0,18.69873,0
09/04/2024,2024,4,Tuesday,91,9.28,0.00,0.00,0.00,94.04129,0,0,18.80127,0
09/04/2024,2024,4,Tuesday,79,7.25,0.00,0.00,0.00,93.88183,0,0,18.339844,0
08/04/2024,2024,4,Monday,87,8.76,0.00,0.00,0.00,93.43201,0,0,19.145508,0
07/04/2024,2024,4,Sunday,89,7.95,0.00,0.00,0.00,93.52205,0,0,18.969727,0
05/04/2024,2024,4,Friday,100,10.49,0.00,0.00,0.00,91.57716,0,0,18.632812,0
04/04/2024,2024,4,Thursday,86,7.31,0.00,0.00,0.00,95.39454,0,0,18.75,0
04/04/2024,2024,4,Thursday,97,8.66,0.00,0.00,0.00,95.16714,0,0,18.515625,0
03/04/2024,2024,4,Wednesday,96,8.45,0.00,0.00,0.00,94.85216,0,0,18.691406,0
01/04/2024,2024,4,Monday,94,9.04,0.00,0.00,0.00,96.4031,0,0,18.808594,0
31/03/2024,2024,3,Sunday,89,8.88,0.00,0.00,0.00,91.01607,0,0,19.394531,0
31/03/2024,2024,3,Sunday,79,8.84,0.00,0.00,0.00,91.39978,0,0,18.984375,0
30/03/2024,2024,3,Saturday,73,8.17,0.00,0.00,0.00,90.44295,0,0,19.013672,0
29/03/2024,2024,3,Friday,76,7.47,0.00,0.00,0.00,93.44976,0,0,18.66211,0
27/03/2024,2024,3,Wednesday,91,9.00,0.00,0.00,0.00,91.063156,0,0,19.042969,0
26/03/2024,2024,3,Tuesday,93,9.70,0.00,0.00,0.00,85.56506,0,0,18.684082,0
25/03/2024,2024,3,Monday,96,9.29,0.00,0.00,0.00,90.302666,0,0,18.574219,0
24/03/2024,2024,3,Sunday,95,10.05,0.00,0.00,0.00,92.14722,0,0,18.925781,0
23/03/2024,2024,3,Saturday,81,8.98,0.00,0.00,0.00,89.130424,0,0,18.54004,0
23/03/2024,2024,3,Saturday,83,9.01,0.00,0.00,0.00,93.65489,0,0,18.691406,0
22/03/2024,2024,3,Friday,74,8.64,0.00,0.00,0.00,90.7352,0,0,18.925781,0
20/03/2024,2024,3,Wednesday,64,7.31,0.00,0.00,0.00,90.84871,0,0,19.453125,0
20/03/2024,2024,3,Wednesday,56,5.60,0.00,0.00,0.00,88.697556,0,0,19.277344,0
18/03/2024,2024,3,Monday,87,9.00,0.00,0.00,0.00,92.87616,0,0,18.769531,0
18/03/2024,2024,3,Monday,70,8.11,0.00,0.00,0.00,91.14614,0,0,18.574219,0
17/03/2024,2024,3,Sunday,70,7.50,0.00,0.00,0.00,94.090996,0,0,18.691406,0
16/03/2024,2024,3,Saturday,77,7.70,0.00,0.00,0.00,93.92007,0,0,18.691406,0
15/03/2024,2024,3,Friday,75,8.51,0.00,0.00,0.00,94.194046,0,0,18.691406,0
13/03/2024,2024,3,Wednesday,74,7.03,0.00,0.00,0.00,92.6997,0,0,17.695312,0
13/03/2024,2024,3,Wednesday,90,8.78,0.00,0.00,0.00,91.91809,0,0,18.691406,0
12/03/2024,2024,3,Tuesday,84,8.24,0.00,0.00,0.00,89.11537,0,0,18.515625,0
10/03/2024,2024,3,Sunday,89,9.36,0.00,0.00,0.00,95.356636,0,0,18.398438,0
09/03/2024,2024,3,Saturday,77,8.48,0.00,0.00,0.00,93.036606,0,0,18.925781,0
09/03/2024,2024,3,Saturday,63,6.91,0.00,0.00,0.00,81.39264,0,0,20.449219,0
07/03/2024,2024,3,Thursday,99,9.42,0.00,0.00,0.00,93.68595,0,0,18.398438,0
07/03/2024,2024,3,Thursday,84,7.82,0.00,0.00,0.00,89.96916,0,0,18.632812,0
05/03/2024,2024,3,Tuesday,100,9.08,0.00,0.00,0.00,92.0633,0,0,18.955078,0
04/03/2024,2024,3,Monday,100,15.96,0.00,0.00,0.00,69.29086,0,0,19.570312,0
03/03/2024,2024,3,Sunday,92,10.85,0.00,0.00,0.00,81.24026,0,0,18.730469,0
03/03/2024,2024,3,Sunday,85,10.34,0.00,0.00,0.00,85.35782,0,0,19.086914,0
02/03/2024,2024,3,Saturday,60,6.34,0.00,0.00,0.00,92.76604,0,0,18.925781,0
29/02/2024,2024,2,Thursday,78,8.70,0.00,0.00,0.00,92.37907,0,0,18.105469,0
29/02/2024,2024,2,Thursday,67,7.31,0.00,0.00,0.00,88.92573,0,0,18.164062,0
27/02/2024,2024,2,Tuesday,90,8.37,0.00,0.00,0.00,89.508896,0,0,18.925781,0
26/02/2024,2024,2,Monday,96,10.61,0.00,0.00,0.00,91.16963,0,0,18.808594,0
25/02/2024,2024,2,Sunday,73,8.64,0.00,0.00,0.00,92.163994,0,0,19.277344,0
25/02/2024,2024,2,Sunday,67,8.36,0.00,0.00,0.00,86.70538,0,0,19.042969,0
24/02/2024,2024,2,Saturday,61,7.00,0.00,0.00,0.00,89.51731,0,0,18.310547,0
22/02/2024,2024,2,Thursday,82,9.35,0.00,0.00,0.00,88.95576,0,0,18.046875,0
21/02/2024,2024,2,Wednesday,79,9.09,0.00,0.00,0.00,90.40164,0,0,18.515625,0
20/02/2024,2024,2,Tuesday,73,7.59,0.00,0.00,0.00,89.72128,0,0,18.55957,0
19/02/2024,2024,2,Monday,87,10.13,0.00,0.00,0.00,92.92062,0,0,17.929688,0
19/02/2024,2024,2,Monday,38,3.98,0.00,0.00,0.00,86.51905,0,0,18.466797,0
18/02/2024,2024,2,Sunday,75,7.12,0.00,0.00,0.00,87.21685,0,0,19.199219,0
17/02/2024,2024,2,Saturday,19,2.00,0.00,0.00,0.00,93.605576,0,0,20.52246,0
17/02/2024,2024,2,Saturday,58,6.11,0.00,0.00,0.00,86.23801,0,0,19.812012,0
16/02/2024,2024,2,Friday,96,9.94,0.00,0.00,0.00,87.12174,0,0,19.335938,0
15/02/2024,2024,2,Thursday,97,9.66,0.00,0.00,0.00,88.73768,0,0,19.082031,0